VTuber ID,Video Type,Title,Publish Time,URL,Thumbnail URL
17946118c2d641819c847aba0c491e13,live,九笙 ❖ 09.02°˖✧  訂閱我訂閱我訂閱我訂閱我訂閱我訂閱我訂閱我訂閱我訂閱我訂閱我訂閱我訂閱我訂閱我訂閱我訂閱我訂閱我訂閱我訂閱我訂閱我| 訂閱折扣開始啦！訂閱我 !點播 | 加班台Day.N,2026-09-02T08:05:38Z,https://www.twitch.tv/kyusho9999,https://static-cdn.jtvnw.net/previews-ttv/live_user_kyusho9999-{width}x{height}.jpg
a324be13dcdb4acbbe722638fc2dbfa4,live,【#馬拉松伴遊台】0904陪你大半天！不間斷遊戲Live實境秀最精選，各種好玩作品第三季主題回顧不容錯過，歡迎掛台聊天喔｜特別企劃｜拎萌路路 🍋 #台V 我肆拎萌路路 @LenmonLu2,2026-09-03T08:40:49Z,https://www.twitch.tv/lenmonlu2,https://static-cdn.jtvnw.net/previews-ttv/live_user_lenmonlu2-{width}x{height}.jpg
76165d25983b463eaa1da66c86a32b7c,live,【日常】心悸寶貝-最近得長話短說了【靛之森Ainomori】|【夜彩Yoruro】可用7TV貼圖 因為害羞非常不感謝揪團Q_Q:,2026-09-03T14:52:26Z,https://www.twitch.tv/yorurovtuber,https://static-cdn.jtvnw.net/previews-ttv/live_user_yorurovtuber-{width}x{height}.jpg
d09b9f800b7940deb1f8a2b58a302f07,live,🌿[SUBtember 爆bar𝑰𝑹𝑳⛓️佛系拼紫勾 動物++ !checkin !dc ⛓️🐨,2026-09-03T15:16:16Z,https://www.twitch.tv/kimmyje,https://static-cdn.jtvnw.net/previews-ttv/live_user_kimmyje-{width}x{height}.jpg
7ddebf4d8f6d4c63a4fc7268d8113c10,live,【日下氷】等半夜戰狗開扁！順便期待鬼武者｜新訂閱30%折扣！ !DC !7TV !周邊 @kusaka_ice,2026-09-03T16:35:23Z,https://www.twitch.tv/kusaka_ice,https://static-cdn.jtvnw.net/previews-ttv/live_user_kusaka_ice-{width}x{height}.jpg
c4fafcb15c694ad5ab88d1948d401e54,live,【村正琥珀】惡靈古堡馬拉松最終站 故事的開頭變成了系列的結尾 PS5-惡靈古堡 安魂曲,2026-09-03T17:14:02Z,https://www.twitch.tv/muramasa_kohaku,https://static-cdn.jtvnw.net/previews-ttv/live_user_muramasa_kohaku-{width}x{height}.jpg
ed4666af39034d54913aba64cfea6f47,live,【Delta Force 】s11 新賽季 ! Day 1【蒼神子貓/VTuber】長期開台 歡迎掛台 #初見歡迎 #降落歡迎,2026-09-03T17:37:11Z,https://www.twitch.tv/aoikamikoneko,https://static-cdn.jtvnw.net/previews-ttv/live_user_aoikamikoneko-{width}x{height}.jpg
887b37336c9c4730809ace8b5e38df17,live,助眠聽歌💕 ฅ ̳͒•ˑ̫• ̳͒ฅ♡｜🎀訂閱‿成為露專屬蝶寶 ⁺˳✿ ₊,2026-09-03T18:48:50Z,https://www.twitch.tv/isyourlulu,https://static-cdn.jtvnw.net/previews-ttv/live_user_isyourlulu-{width}x{height}.jpg
c269bafe425f470e957731c454b8925c,live,✞ 貓貓坐牢實錄 ✞｜今天也要努力不破防｜菜菜貓的受難日,2026-09-03T20:07:58Z,https://www.twitch.tv/nekozakirin,https://static-cdn.jtvnw.net/previews-ttv/live_user_nekozakirin-{width}x{height}.jpg
bd119628dae64d45b71b44e0f158f23a,live,☽ 愛琳 ☾ 0904｜偷偷一下｜委託開放中 ▸ @elinora_art ԾωԾ .ᐟ.ᐟ,2026-09-03T22:34:52Z,https://www.twitch.tv/elinora_art,https://static-cdn.jtvnw.net/previews-ttv/live_user_elinora_art-{width}x{height}.jpg
ba562aad440d483e988d3ce7e7217c94,live,[貓宮香草] 9/4 玩到忘記睡覺 ，!DC  !魔儲 !餅乾,2026-09-03T23:15:07Z,https://www.twitch.tv/vanilla_shironeko,https://static-cdn.jtvnw.net/previews-ttv/live_user_vanilla_shironeko-{width}x{height}.jpg
6bb236447ed9412a98c9b2d7c9069e10,live,【熊猫猫】阿巴阿巴 ~嗷ʕ◉ᴥ◉ʔ @panda0219work ｜點數轉盤｜聯名｜哥哥的咖啡｜Ft： ｜感謝揪團：,2026-09-03T23:26:22Z,https://www.twitch.tv/panda0219work,https://static-cdn.jtvnw.net/previews-ttv/live_user_panda0219work-{width}x{height}.jpg
b1f8da62ceca4089a4e7115624be25bc,live,260904 超級暴雨... ｜ !愛苒苒｜,2026-09-04T00:12:14Z,https://www.twitch.tv/ranran1103,https://static-cdn.jtvnw.net/previews-ttv/live_user_ranran1103-{width}x{height}.jpg
8402646577b24bd5918bda8690e790b4,live,【鳴潮】有精神！快過主線、打活動,2026-09-04T00:19:22Z,https://www.twitch.tv/lunariawhite,https://static-cdn.jtvnw.net/previews-ttv/live_user_lunariawhite-{width}x{height}.jpg
3b7dac5e2bdb4c08a139e18ef7f6f7e5,live,打LOL啦!!! @asahina_yuuto 新指令:!簽到 !補簽 !查簽 !簽排 !愛奈寶 !週年 !打 !要抱抱 !淺草籤 !抽卡,2026-09-04T00:34:46Z,https://www.twitch.tv/asahina_yuuto,https://static-cdn.jtvnw.net/previews-ttv/live_user_asahina_yuuto-{width}x{height}.jpg
5000b613025542c498cd6ab2287865c6,live,⛅ ⁰⁹ / ₀₄ ▸好久沒開台 機器人完成度50% ⁘ 小小努力拚勾 掛台要開5%音量喔 .♡⃛ @nekoa_o,2026-09-04T00:36:39Z,https://www.twitch.tv/nekoa_o,https://static-cdn.jtvnw.net/previews-ttv/live_user_nekoa_o-{width}x{height}.jpg
8ee91529ce264452890b80ffb514248a,live,我好想睡覺 但還是更想唱歌 !安安!歌單,2026-09-04T00:58:45Z,https://www.twitch.tv/unmian232,https://static-cdn.jtvnw.net/previews-ttv/live_user_unmian232-{width}x{height}.jpg
f466201465ac40ef9f3aefc9b08a39d1,live,玩到鬼武者出 & @miaflamel 、 @jiulu1111 👾 @nove_exe,2026-09-04T01:06:10Z,https://www.twitch.tv/nove_exe,https://static-cdn.jtvnw.net/previews-ttv/live_user_nove_exe-{width}x{height}.jpg
05d19eac5d22427f916e6fa59bf17b3b,live,【9/4】雨天好想睡 #ˇ310,2026-09-04T01:17:44Z,https://www.twitch.tv/orangecat331,https://static-cdn.jtvnw.net/previews-ttv/live_user_orangecat331-{width}x{height}.jpg
c099b7e8d46c418d8e17097d496f3b83,live,【踢踢】9.4 |  週五了 陪你陪我工作   ദ്ദി₍ᐢ .ᆺ.ᐢ₎🥕 加油加油   |  !幸運兔團 ✦耶比✦,2026-09-04T01:18:38Z,https://www.twitch.tv/ttspoon,https://static-cdn.jtvnw.net/previews-ttv/live_user_ttspoon-{width}x{height}.jpg
4e1dd2ab9e4b4c71bced0c5987cf9be7,live,[紅妻]緗靈全身立繪｜純聊天室Live,2026-09-04T01:20:08Z,https://www.twitch.tv/rsundae,https://static-cdn.jtvnw.net/previews-ttv/live_user_rsundae-{width}x{height}.jpg
49d38057272d4c4992cdbcb792c94d00,live,【霍格華茲的傳承】放完暑假繼續讀書!【松月みもさ】,2026-09-04T01:23:42Z,https://www.twitch.tv/mimosa_1123,https://static-cdn.jtvnw.net/previews-ttv/live_user_mimosa_1123-{width}x{height}.jpg
f110fd69b66941bab04de9ada563c6ac,live,9/4 哇齁早安！昨天早睡今天精神還不錯～｜!Surfshark 會有優惠碼,2026-09-04T01:24:28Z,https://www.twitch.tv/aoihinamori,https://static-cdn.jtvnw.net/previews-ttv/live_user_aoihinamori-{width}x{height}.jpg
6d36ce9cdedb4806ad5c00a3496b9e4f,live,「米歪20260904 今天小開1~2小 測試一下橘毛送我的鍵盤!!!  」ଳ⊹༝ ｜本月自主訂閱也麻煩大家了! ଳ⊹༝,2026-09-04T01:27:56Z,https://www.twitch.tv/m1wai,https://static-cdn.jtvnw.net/previews-ttv/live_user_m1wai-{width}x{height}.jpg
868a7d0a1ef94befa5205a21fb65d7d5,live,(՞•Ꙫ•՞) ♡ 太早起床沒有活人 3x3超人 ♡ | 歡迎揪團 掛台 | @mioka_ouo,2026-09-04T01:31:24Z,https://www.twitch.tv/mioka_ouo,https://static-cdn.jtvnw.net/previews-ttv/live_user_mioka_ouo-{width}x{height}.jpg
788611c913b04d999011628637657bee,live,艾爾登法環 🎮 史東薇爾城我來ㄌ！ △ 米婭,2026-09-04T01:33:02Z,https://www.twitch.tv/miaflamel,https://static-cdn.jtvnw.net/previews-ttv/live_user_miaflamel-{width}x{height}.jpg
d3eee3b8d1954b1c8fea325d7b7b1b7f,live,【0904 陪伴學習/工作】早安 終於到禮拜五了┊在房間一起工作學習吧┊歡迎掛台 @reigo00 !打卡 !dc !週表,2026-09-04T01:33:41Z,https://www.twitch.tv/reigo00,https://static-cdn.jtvnw.net/previews-ttv/live_user_reigo00-{width}x{height}.jpg
29a3d514ca274f6fb966f9d70bed4b52,live,4/9 就快唔記得點開台 (՞•Ꙫ•՞),2026-09-04T01:34:12Z,https://www.twitch.tv/morinoaki_,https://static-cdn.jtvnw.net/previews-ttv/live_user_morinoaki_-{width}x{height}.jpg
62ca936be6c645a7bf2222b67086800a,live,溼答答鼠鼠!!@twlonelyash,2026-09-04T01:35:36Z,https://www.twitch.tv/twlonelyash,https://static-cdn.jtvnw.net/previews-ttv/live_user_twlonelyash-{width}x{height}.jpg
430b173ad3134b729f78b96cdbed3585,live,【早安｜0904】9 月初見，跟朋朋玩遊戲！  !cover  !棉花糖  @dreamer051,2026-09-04T01:42:38Z,https://www.twitch.tv/dreamer051,https://static-cdn.jtvnw.net/previews-ttv/live_user_dreamer051-{width}x{height}.jpg
29d8d144d6a24ff28476d25306286836,live,瓦瓦| 5%掛台 歡迎降落/•᷅•᷄୭| !布丁 !周邊  |@Shirumu_,2026-09-04T01:45:05Z,https://www.twitch.tv/shirumu_,https://static-cdn.jtvnw.net/previews-ttv/live_user_shirumu_-{width}x{height}.jpg